hour,day,is_weekend,hour_sin,hour_cos,day_sin,day_cos,requestCount,cacheHitRatio,duplicateRate,mergeRate,requestCount_lag1,averageLatency_lag1,averageLatency
9,5,1.0,0.7071067811865476,-0.7071067811865475,-0.9749279121818236,-0.2225209339563146,170,0.8481806561430207,0.054296965230746924,0.024658466252766638,170.0,136.2709556618698,136.2709556618698
10,5,1.0,0.49999999999999994,-0.8660254037844387,-0.9749279121818236,-0.2225209339563146,162,0.8527730418745872,0.03394525614065048,0.03162560043585965,170.0,136.2709556618698,138.18934239277144
11,5,1.0,0.258819045102521,-0.9659258262890682,-0.9749279121818236,-0.2225209339563146,154,0.8380088681469811,0.019080530886755355,0.00815082167486967,162.0,138.18934239277144,125.09460651011892
12,5,1.0,1.2246467991473532e-16,-1.0,-0.9749279121818236,-0.2225209339563146,145,0.8413024199778583,0.028653092578121223,0.010376962986647085,154.0,125.09460651011892,117.42257066377816
13,5,1.0,-0.2588190451025208,-0.9659258262890683,-0.9749279121818236,-0.2225209339563146,163,0.8316508461406377,0.02444585147119876,0.02085617275474817,145.0,117.42257066377816,131.58635837136129
14,5,1.0,-0.4999999999999997,-0.8660254037844388,-0.9749279121818236,-0.2225209339563146,145,0.8431459405503702,0.03172694643414528,0.02158306250206723,163.0,131.58635837136129,116.86992083542665
15,5,1.0,-0.7071067811865471,-0.7071067811865479,-0.9749279121818236,-0.2225209339563146,139,0.8322200832578619,0.02683622404377433,0.032125449121031886,145.0,116.86992083542665,125.25533405839793
16,5,1.0,-0.8660254037844385,-0.5000000000000004,-0.9749279121818236,-0.2225209339563146,138,0.7739598962836067,0.024078139511015693,0.025768612358691236,139.0,125.25533405839793,118.07931699008489
17,5,1.0,-0.9659258262890683,-0.25881904510252063,-0.9749279121818236,-0.2225209339563146,169,0.8254055515283528,0.03600229637744044,0.012114780096325726,138.0,118.07931699008489,136.8885980515716
18,5,1.0,-1.0,-1.8369701987210297e-16,-0.9749279121818236,-0.2225209339563146,156,0.8622136667865675,0.04175618289568461,0.007969598446372659,169.0,136.8885980515716,126.34019929297752
19,5,1.0,-0.9659258262890684,0.2588190451025203,-0.9749279121818236,-0.2225209339563146,168,0.8086923399908212,0.04507676288840868,0.037109995224959516,156.0,126.34019929297752,134.04245870785428
20,5,1.0,-0.8660254037844386,0.5000000000000001,-0.9749279121818236,-0.2225209339563146,167,0.8198486287244635,0.042219300980702305,0.03645545127122359,168.0,134.04245870785428,131.60613426757698
21,5,1.0,-0.7071067811865477,0.7071067811865474,-0.9749279121818236,-0.2225209339563146,133,0.8001849507798191,0.025131267092526624,0.03142525822394198,167.0,131.60613426757698,113.49933095459755
22,5,1.0,-0.5000000000000004,0.8660254037844384,-0.9749279121818236,-0.2225209339563146,131,0.8637309869367606,0.04060302691714301,0.016648802453948758,133.0,113.49933095459755,112.75786516797764
23,5,1.0,-0.25881904510252157,0.9659258262890681,-0.9749279121818236,-0.2225209339563146,93,0.8373002188267015,0.05060643655814006,0.0,131.0,112.75786516797764,97.03975213686431
0,6,1.0,0.0,1.0,-0.7818314824680299,0.6234898018587334,75,0.831654779486024,0.034917607765355026,0.0,93.0,97.03975213686431,81.17931471885728
1,6,1.0,0.25881904510252074,0.9659258262890683,-0.7818314824680299,0.6234898018587334,47,0.8884618213422455,0.027323964483930187,0.006615063971068124,75.0,81.17931471885728,67.3624659742852
2,6,1.0,0.49999999999999994,0.8660254037844387,-0.7818314824680299,0.6234898018587334,37,0.8552375332897906,0.026675731295662947,0.018832674331133562,47.0,67.3624659742852,64.5606883516296
3,6,1.0,0.7071067811865476,0.7071067811865476,-0.7818314824680299,0.6234898018587334,50,0.8226884071836794,0.029390045200688983,0.011078918468678423,37.0,64.5606883516296,71.3524685170773
4,6,1.0,0.8660254037844386,0.5000000000000001,-0.7818314824680299,0.6234898018587334,48,0.8518316581653966,0.03261113456642461,0.01245412866624853,50.0,71.3524685170773,67.63152455931007
5,6,1.0,0.9659258262890683,0.25881904510252074,-0.7818314824680299,0.6234898018587334,72,0.8307185645041969,0.02581722730778381,0.015587142883339908,48.0,67.63152455931007,77.50531513466231
6,6,1.0,1.0,6.123233995736766e-17,-0.7818314824680299,0.6234898018587334,120,0.8402373343849552,0.03897550390722765,0.021255540842338327,72.0,77.50531513466231,114.06221013311449
7,6,1.0,0.9659258262890683,-0.25881904510252063,-0.7818314824680299,0.6234898018587334,116,0.8373069062982308,0.060819087791519524,0.019676390352188777,120.0,114.06221013311449,104.059193454155
8,6,1.0,0.8660254037844387,-0.4999999999999998,-0.7818314824680299,0.6234898018587334,159,0.7950646588714141,0.04990822814515021,0.03341933032686774,116.0,104.059193454155,129.8861648706032
9,6,1.0,0.7071067811865476,-0.7071067811865475,-0.7818314824680299,0.6234898018587334,174,0.8703338293280829,0.025261489372077187,0.0332685709380027,159.0,129.8861648706032,135.6754685660684
10,6,1.0,0.49999999999999994,-0.8660254037844387,-0.7818314824680299,0.6234898018587334,191,0.8091360681119169,0.041183180317543075,0.02406524345883801,174.0,135.6754685660684,146.02312748488941
11,6,1.0,0.258819045102521,-0.9659258262890682,-0.7818314824680299,0.6234898018587334,141,0.8005058885882168,0.04225592430635181,0.014905757657661965,191.0,146.02312748488941,119.32713783955279
12,6,1.0,1.2246467991473532e-16,-1.0,-0.7818314824680299,0.6234898018587334,171,0.8189631545138297,0.0472551721736967,0.014791356835660447,141.0,119.32713783955279,134.31243572394354
13,6,1.0,-0.2588190451025208,-0.9659258262890683,-0.7818314824680299,0.6234898018587334,148,0.7832755029631632,0.03973967191865638,0.027398827942484237,171.0,134.31243572394354,128.5248245075205
14,6,1.0,-0.4999999999999997,-0.8660254037844388,-0.7818314824680299,0.6234898018587334,153,0.7912613016074718,0.04337941565616898,0.02826984673233186,148.0,128.5248245075205,121.39800081003438
15,6,1.0,-0.7071067811865471,-0.7071067811865479,-0.7818314824680299,0.6234898018587334,149,0.8109742583526452,0.0402692036382767,0.02783072473298681,153.0,121.39800081003438,125.29073709298945
16,6,1.0,-0.8660254037844385,-0.5000000000000004,-0.7818314824680299,0.6234898018587334,144,0.8462149876273536,0.02576696502797351,0.030965536086338296,149.0,125.29073709298945,128.33079042097995
17,6,1.0,-0.9659258262890683,-0.25881904510252063,-0.7818314824680299,0.6234898018587334,148,0.8662578673702221,0.029686510149816228,0.03443376129244322,144.0,128.33079042097995,126.4445919053606
18,6,1.0,-1.0,-1.8369701987210297e-16,-0.7818314824680299,0.6234898018587334,170,0.8856537894796184,0.03661278550663796,0.019462638356425102,148.0,126.4445919053606,140.1122535065325
19,6,1.0,-0.9659258262890684,0.2588190451025203,-0.7818314824680299,0.6234898018587334,154,0.8284369487175769,0.041624853081499776,0.02816690799330019,170.0,140.1122535065325,123.69428438453821
20,6,1.0,-0.8660254037844386,0.5000000000000001,-0.7818314824680299,0.6234898018587334,166,0.8728560223147195,0.03620676500095377,0.053801691665896184,154.0,123.69428438453821,134.39578490380396
21,6,1.0,-0.7071067811865477,0.7071067811865474,-0.7818314824680299,0.6234898018587334,146,0.7996232250581666,0.04261139081909852,0.022365372146741492,166.0,134.39578490380396,118.65209512355845
22,6,1.0,-0.5000000000000004,0.8660254037844384,-0.7818314824680299,0.6234898018587334,124,0.8323151326202939,0.02814539615264928,0.007251527753141354,146.0,118.65209512355845,110.77442716410566
23,6,1.0,-0.25881904510252157,0.9659258262890681,-0.7818314824680299,0.6234898018587334,84,0.8459228123239061,0.022022612212880117,0.02013180925851182,124.0,110.77442716410566,89.24448489526047
0,0,0.0,0.0,1.0,0.0,1.0,54,0.8478617531783658,0.03346208718446,0.003970297021693769,84.0,89.24448489526047,66.02256106290949
1,0,0.0,0.25881904510252074,0.9659258262890683,0.0,1.0,42,0.8772415372952583,0.04277802052034903,0.00042330632042908954,54.0,66.02256106290949,65.63715972626187
2,0,0.0,0.49999999999999994,0.8660254037844387,0.0,1.0,21,0.8627885785273662,0.03627047686306048,0.05062731490654721,42.0,65.63715972626187,55.34895131633945
3,0,0.0,0.7071067811865476,0.7071067811865476,0.0,1.0,44,0.8731200529047961,0.038860579179724644,0.011247307553596543,21.0,55.34895131633945,68.94712581543519
4,0,0.0,0.8660254037844386,0.5000000000000001,0.0,1.0,59,0.8355204417977997,0.02829303118837563,0.016718741393863226,44.0,68.94712581543519,69.09936369334622
5,0,0.0,0.9659258262890683,0.25881904510252074,0.0,1.0,95,0.8587128057112354,0.018939507954770146,0.014780681342105665,59.0,69.09936369334622,84.55521923695169
6,0,0.0,1.0,6.123233995736766e-17,0.0,1.0,100,0.8051676566621209,0.028180296240733652,0.026795977489346756,95.0,84.55521923695169,95.13867795060382
7,0,0.0,0.9659258262890683,-0.25881904510252063,0.0,1.0,96,0.8393671551971144,0.028603996523941827,0.04103944089325326,100.0,95.13867795060382,93.45980371712716
8,0,0.0,0.8660254037844387,-0.4999999999999998,0.0,1.0,126,0.8398436294430828,0.030102135352316123,0.03112433334796224,96.0,93.45980371712716,101.9672315196658
9,0,0.0,0.7071067811865476,-0.7071067811865475,0.0,1.0,115,0.8507746183694137,0.044790885275034546,0.009497035929442236,126.0,101.9672315196658,103.12013131925866
10,0,0.0,0.49999999999999994,-0.8660254037844387,0.0,1.0,121,0.8152751230227887,0.0541078757361443,0.026149817109609556,115.0,103.12013131925866,105.2075952685362
11,0,0.0,0.258819045102521,-0.9659258262890682,0.0,1.0,106,0.900414685910379,0.045977985938844806,0.005406300340459866,121.0,105.2075952685362,102.01006514560135
12,0,0.0,1.2246467991473532e-16,-1.0,0.0,1.0,110,0.8150199160314365,0.04030486094812895,0.028746340534293365,106.0,102.01006514560135,105.72743884679993
13,0,0.0,-0.2588190451025208,-0.9659258262890683,0.0,1.0,100,0.7402619797979278,0.025089456919990434,0.017474318486068393,110.0,105.72743884679993,94.64345644997476
14,0,0.0,-0.4999999999999997,-0.8660254037844388,0.0,1.0,94,0.795345758661181,0.030612888466363494,0.020707405772860912,100.0,94.64345644997476,97.98513468664349
15,0,0.0,-0.7071067811865471,-0.7071067811865479,0.0,1.0,128,0.8688949125646488,0.03692899727686254,0.01298491348952049,94.0,97.98513468664349,105.51350652113038
16,0,0.0,-0.8660254037844385,-0.5000000000000004,0.0,1.0,121,0.8168684936852362,0.03715135418323352,0.018246864031382398,128.0,105.51350652113038,107.9036152954739
17,0,0.0,-0.9659258262890683,-0.25881904510252063,0.0,1.0,123,0.8822055044843605,0.024181845011731512,0.043630333746562666,121.0,107.9036152954739,110.93790934318396
18,0,0.0,-1.0,-1.8369701987210297e-16,0.0,1.0,102,0.8548995161945372,0.03824991867735032,0.013973004801794066,123.0,110.93790934318396,95.42340457627807
19,0,0.0,-0.9659258262890684,0.2588190451025203,0.0,1.0,122,0.8170690572916737,0.04500268763687691,0.025770154859650472,102.0,95.42340457627807,105.72601451400051
20,0,0.0,-0.8660254037844386,0.5000000000000001,0.0,1.0,110,0.8454689856262982,0.04399528785505627,0.02729628841923612,122.0,105.72601451400051,104.25819375178644
21,0,0.0,-0.7071067811865477,0.7071067811865474,0.0,1.0,95,0.8605438081536979,0.041170369321001314,0.019290984060358517,110.0,104.25819375178644,89.7835558465308
22,0,0.0,-0.5000000000000004,0.8660254037844384,0.0,1.0,89,0.8211278583349251,0.040217640478367046,0.01687807347566106,95.0,89.7835558465308,93.73596860409418
23,0,0.0,-0.25881904510252157,0.9659258262890681,0.0,1.0,65,0.8666374904696408,0.04160176302667305,0.02955478807154329,89.0,93.73596860409418,79.78928304774357
0,1,0.0,0.0,1.0,0.7818314824680298,0.6234898018587336,50,0.8344419973021964,0.03590833019155108,0.013698569456323154,65.0,79.78928304774357,70.2057004401256
1,1,0.0,0.25881904510252074,0.9659258262890683,0.7818314824680298,0.6234898018587336,38,0.8207033795029958,0.05295053942352127,0.00373982618500298,50.0,70.2057004401256,63.77486267426348
2,1,0.0,0.49999999999999994,0.8660254037844387,0.7818314824680298,0.6234898018587336,18,0.8714998808188881,0.037201198170521546,0.018083455092642798,38.0,63.77486267426348,56.574743693543496
3,1,0.0,0.7071067811865476,0.7071067811865476,0.7818314824680298,0.6234898018587336,37,0.8476491367458118,0.025201716218212215,0.023451197334177512,18.0,56.574743693543496,57.310062394877974
4,1,0.0,0.8660254037844386,0.5000000000000001,0.7818314824680298,0.6234898018587336,48,0.8343584247504102,0.03668931454275624,0.009162754471960254,37.0,57.310062394877974,63.14505466388171
5,1,0.0,0.9659258262890683,0.25881904510252074,0.7818314824680298,0.6234898018587336,58,0.8500989971332616,0.028023901579622038,0.011089616943816775,48.0,63.14505466388171,72.63610284198593
6,1,0.0,1.0,6.123233995736766e-17,0.7818314824680298,0.6234898018587336,90,0.7965260867687033,0.02761555778747564,0.016865528482881528,58.0,72.63610284198593,83.397142989943
7,1,0.0,0.9659258262890683,-0.25881904510252063,0.7818314824680298,0.6234898018587336,109,0.8621047886960606,0.034213948033699065,0.020709837920973112,90.0,83.397142989943,105.9797190436544
8,1,0.0,0.8660254037844387,-0.4999999999999998,0.7818314824680298,0.6234898018587336,106,0.8280902408323958,0.03888051893671423,0.01232769056447677,109.0,105.9797190436544,98.26456481341269
9,1,0.0,0.7071067811865476,-0.7071067811865475,0.7818314824680298,0.6234898018587336,131,0.8303621955462942,0.04100378388765608,0.030001439917111124,106.0,98.26456481341269,119.17686130630929
10,1,0.0,0.49999999999999994,-0.8660254037844387,0.7818314824680298,0.6234898018587336,121,0.8352527720234538,0.03743009431882165,0.014369902161445337,131.0,119.17686130630929,108.00374644042168
11,1,0.0,0.258819045102521,-0.9659258262890682,0.7818314824680298,0.6234898018587336,122,0.8782843082338513,0.046099374927518734,0.04373182457511556,121.0,108.00374644042168,109.69001141761764
12,1,0.0,1.2246467991473532e-16,-1.0,0.7818314824680298,0.6234898018587336,106,0.8422502601721505,0.05755136266551006,0.012517017146448485,122.0,109.69001141761764,101.82789990426497
13,1,0.0,-0.2588190451025208,-0.9659258262890683,0.7818314824680298,0.6234898018587336,101,0.7736581282707058,0.030129116449859054,0.01250867338446302,106.0,101.82789990426497,93.05805422306138
14,1,0.0,-0.4999999999999997,-0.8660254037844388,0.7818314824680298,0.6234898018587336,111,0.8924101251764766,0.04542423838186051,0.015330963443375971,101.0,93.05805422306138,102.60911173301987
15,1,0.0,-0.7071067811865471,-0.7071067811865479,0.7818314824680298,0.6234898018587336,100,0.7978930037893808,0.053647920991876874,0.031794401207212865,111.0,102.60911173301987,96.849234560248
16,1,0.0,-0.8660254037844385,-0.5000000000000004,0.7818314824680298,0.6234898018587336,110,0.8768661712249624,0.03472126821414048,0.033378163119734613,100.0,96.849234560248,93.80725613368993
17,1,0.0,-0.9659258262890683,-0.25881904510252063,0.7818314824680298,0.6234898018587336,102,0.8374073109915454,0.03590980593764742,0.015699345285207566,110.0,93.80725613368993,93.63304486460532
18,1,0.0,-1.0,-1.8369701987210297e-16,0.7818314824680298,0.6234898018587336,133,0.8291036154493612,0.03829628965045232,0.02844438834058749,102.0,93.63304486460532,109.97148514372245
19,1,0.0,-0.9659258262890684,0.2588190451025203,0.7818314824680298,0.6234898018587336,133,0.7873515748779313,0.04987010155231843,0.02662314011979592,133.0,109.97148514372245,109.74339849390134
20,1,0.0,-0.8660254037844386,0.5000000000000001,0.7818314824680298,0.6234898018587336,109,0.8398452390287857,0.0476063051739716,0.021575184814101093,133.0,109.74339849390134,106.28290207794628
21,1,0.0,-0.7071067811865477,0.7071067811865474,0.7818314824680298,0.6234898018587336,130,0.8262810755456278,0.04664904284287689,0.029453759495851474,109.0,106.28290207794628,119.47026220694178
22,1,0.0,-0.5000000000000004,0.8660254037844384,0.7818314824680298,0.6234898018587336,104,0.8575815437999531,0.04613091153516254,0.0028126051357688572,130.0,119.47026220694178,93.32322274553411
23,1,0.0,-0.25881904510252157,0.9659258262890681,0.7818314824680298,0.6234898018587336,53,0.8352927949666632,0.04000208922462629,0.030323570520960283,104.0,93.32322274553411,60.878798073141006
0,2,0.0,0.0,1.0,0.9749279121818236,-0.22252093395631434,51,0.8022219562535532,0.01568617560644845,0.014544523011033813,53.0,60.878798073141006,74.51011330691351
1,2,0.0,0.25881904510252074,0.9659258262890683,0.9749279121818236,-0.22252093395631434,42,0.7827267369988037,0.031348799604872114,0.0011553049949514678,51.0,74.51011330691351,63.263242628412556
2,2,0.0,0.49999999999999994,0.8660254037844387,0.9749279121818236,-0.22252093395631434,41,0.8166786064101793,0.02704799749329973,0.003507864781110483,42.0,63.263242628412556,64.35767427753092
3,2,0.0,0.7071067811865476,0.7071067811865476,0.9749279121818236,-0.22252093395631434,36,0.8159282186099337,0.03696046515517844,0.008297423816275594,41.0,64.35767427753092,64.22649801669229
4,2,0.0,0.8660254037844386,0.5000000000000001,0.9749279121818236,-0.22252093395631434,40,0.8139427303274187,0.026596840279861513,0.0020212210741115157,36.0,64.22649801669229,61.96225562720425
5,2,0.0,0.9659258262890683,0.25881904510252074,0.9749279121818236,-0.22252093395631434,91,0.8176332347602224,0.03699313244067556,0.017976719503091702,40.0,61.96225562720425,89.89564698630322
6,2,0.0,1.0,6.123233995736766e-17,0.9749279121818236,-0.22252093395631434,85,0.8621002313014191,0.029228321857228057,0.012741817593553199,91.0,89.89564698630322,88.83488383755626
7,2,0.0,0.9659258262890683,-0.25881904510252063,0.9749279121818236,-0.22252093395631434,102,0.7917942681340434,0.04910874267444525,0.03664967713501284,85.0,88.83488383755626,86.82286029747807
8,2,0.0,0.8660254037844387,-0.4999999999999998,0.9749279121818236,-0.22252093395631434,115,0.8449625046363061,0.0669221414178857,0.032695749114345765,102.0,86.82286029747807,105.88530493734932
9,2,0.0,0.7071067811865476,-0.7071067811865475,0.9749279121818236,-0.22252093395631434,123,0.7864316103922728,0.03859463635867223,0.014736492547156966,115.0,105.88530493734932,104.46722488269806
10,2,0.0,0.49999999999999994,-0.8660254037844387,0.9749279121818236,-0.22252093395631434,108,0.8040535598915681,0.05263141635072564,0.029616397569494503,123.0,104.46722488269806,96.91130225415436
11,2,0.0,0.258819045102521,-0.9659258262890682,0.9749279121818236,-0.22252093395631434,121,0.8371960492294286,0.027840491320050696,0.037331240772696575,108.0,96.91130225415436,113.02715306874012
12,2,0.0,1.2246467991473532e-16,-1.0,0.9749279121818236,-0.22252093395631434,122,0.8290398396574917,0.027750484132819095,0.008372002690356636,121.0,113.02715306874012,103.54903363533002
13,2,0.0,-0.2588190451025208,-0.9659258262890683,0.9749279121818236,-0.22252093395631434,122,0.7927929727854257,0.04213635903357237,0.015693574308781728,122.0,103.54903363533002,115.33568481451637
14,2,0.0,-0.4999999999999997,-0.8660254037844388,0.9749279121818236,-0.22252093395631434,103,0.8112052769096055,0.0359785496127816,0.01199049883588962,122.0,115.33568481451637,94.23673551638069
15,2,0.0,-0.7071067811865471,-0.7071067811865479,0.9749279121818236,-0.22252093395631434,114,0.8285815585940077,0.02700436337958402,0.015632286694316676,103.0,94.23673551638069,102.79271685899376
16,2,0.0,-0.8660254037844385,-0.5000000000000004,0.9749279121818236,-0.22252093395631434,125,0.8050483426560434,0.03765998972095892,0.03001387123371789,114.0,102.79271685899376,111.47795211552234
17,2,0.0,-0.9659258262890683,-0.25881904510252063,0.9749279121818236,-0.22252093395631434,101,0.8174962872316246,0.041092653352598256,0.01246740843457483,125.0,111.47795211552234,97.62906557435721
18,2,0.0,-1.0,-1.8369701987210297e-16,0.9749279121818236,-0.22252093395631434,104,0.8384425483998414,0.038143891683881485,0.011356833748955915,101.0,97.62906557435721,90.67274683632189
19,2,0.0,-0.9659258262890684,0.2588190451025203,0.9749279121818236,-0.22252093395631434,133,0.8313926060405805,0.024983171335708765,0.01678163892197841,104.0,90.67274683632189,107.59588661217698
20,2,0.0,-0.8660254037844386,0.5000000000000001,0.9749279121818236,-0.22252093395631434,119,0.8235883336731052,0.04640959475881107,0.01613108130476851,133.0,107.59588661217698,102.48664001691968
21,2,0.0,-0.7071067811865477,0.7071067811865474,0.9749279121818236,-0.22252093395631434,115,0.8515191253374584,0.05054901953991234,0.0,119.0,102.48664001691968,99.06024966649579
22,2,0.0,-0.5000000000000004,0.8660254037844384,0.9749279121818236,-0.22252093395631434,78,0.8341586384187102,0.03787145873371309,0.011760148132841795,115.0,99.06024966649579,84.79253644039672
23,2,0.0,-0.25881904510252157,0.9659258262890681,0.9749279121818236,-0.22252093395631434,69,0.8764084618497942,0.036224208433012134,0.020276026620752022,78.0,84.79253644039672,76.93219835748924
0,3,0.0,0.0,1.0,0.43388373911755823,-0.900968867902419,45,0.8313982543654114,0.036344521423782965,0.010290155191797368,69.0,76.93219835748924,62.962469910368114
1,3,0.0,0.25881904510252074,0.9659258262890683,0.43388373911755823,-0.900968867902419,41,0.8710087411029507,0.028926431344988256,0.02611213922163945,45.0,62.962469910368114,71.19288448772528
2,3,0.0,0.49999999999999994,0.8660254037844387,0.43388373911755823,-0.900968867902419,28,0.8162574106724779,0.012785414123074774,0.009284865159586913,41.0,71.19288448772528,48.386596749134355
3,3,0.0,0.7071067811865476,0.7071067811865476,0.43388373911755823,-0.900968867902419,37,0.8551828212129249,0.02978232804524469,0.021994055811834893,28.0,48.386596749134355,67.60482912992242
4,3,0.0,0.8660254037844386,0.5000000000000001,0.43388373911755823,-0.900968867902419,23,0.870250955816609,0.016440804208868252,0.02373754043206929,37.0,67.60482912992242,55.145407333928624
5,3,0.0,0.9659258262890683,0.25881904510252074,0.43388373911755823,-0.900968867902419,72,0.8599834559831885,0.056546928578043956,0.01901866255058495,23.0,55.145407333928624,77.52674477012054
6,3,0.0,1.0,6.123233995736766e-17,0.43388373911755823,-0.900968867902419,90,0.8132546689160562,0.04310335816544245,0.010439161740911328,72.0,77.52674477012054,87.35203675777133
7,3,0.0,0.9659258262890683,-0.25881904510252063,0.43388373911755823,-0.900968867902419,106,0.8511193947723917,0.03898995438620282,0.030975399442578995,90.0,87.35203675777133,96.42798757032178
8,3,0.0,0.8660254037844387,-0.4999999999999998,0.43388373911755823,-0.900968867902419,112,0.8066370885265307,0.03153040073257221,0.024973004930448524,106.0,96.42798757032178,100.7456690935885
9,3,0.0,0.7071067811865476,-0.7071067811865475,0.43388373911755823,-0.900968867902419,134,0.8593381776031698,0.05070304525471618,0.027534349032237004,112.0,100.7456690935885,111.15235120152367
10,3,0.0,0.49999999999999994,-0.8660254037844387,0.43388373911755823,-0.900968867902419,148,0.7941603589006575,0.020106130844290547,0.03976044311489183,134.0,111.15235120152367,120.2010966939765
11,3,0.0,0.258819045102521,-0.9659258262890682,0.43388373911755823,-0.900968867902419,129,0.8422740587895945,0.02562510952701623,0.047357519796168264,148.0,120.2010966939765,111.63024179943076
12,3,0.0,1.2246467991473532e-16,-1.0,0.43388373911755823,-0.900968867902419,117,0.8571479987169608,0.041050092317367136,0.023938840242791314,129.0,111.63024179943076,105.18975848504537
13,3,0.0,-0.2588190451025208,-0.9659258262890683,0.43388373911755823,-0.900968867902419,101,0.8938357348942509,0.04884086712821644,0.03603186626639397,117.0,105.18975848504537,97.34149823338146
14,3,0.0,-0.4999999999999997,-0.8660254037844388,0.43388373911755823,-0.900968867902419,103,0.8333513923970106,0.03605058245622028,0.031241915184709486,101.0,97.34149823338146,92.64789193230185
15,3,0.0,-0.7071067811865471,-0.7071067811865479,0.43388373911755823,-0.900968867902419,90,0.8340097630426303,0.0305311893005258,0.008878956247398324,103.0,92.64789193230185,95.30768163377476
16,3,0.0,-0.8660254037844385,-0.5000000000000004,0.43388373911755823,-0.900968867902419,96,0.840199539015652,0.02222039100258946,0.0066492122793638374,90.0,95.30768163377476,95.88665169464691
17,3,0.0,-0.9659258262890683,-0.25881904510252063,0.43388373911755823,-0.900968867902419,117,0.8275872594590918,0.021208570468818938,0.01924256935914056,96.0,95.88665169464691,111.42826540778337
18,3,0.0,-1.0,-1.8369701987210297e-16,0.43388373911755823,-0.900968867902419,122,0.8331211540044656,0.03419732136457989,0.02916206364813418,117.0,111.42826540778337,96.91047168086956
19,3,0.0,-0.9659258262890684,0.2588190451025203,0.43388373911755823,-0.900968867902419,147,0.823558339283355,0.026774740912583295,0.050433598032498604,122.0,96.91047168086956,127.19443945210335
20,3,0.0,-0.8660254037844386,0.5000000000000001,0.43388373911755823,-0.900968867902419,119,0.8344012473867,0.03832751427434521,0.020456395880760574,147.0,127.19443945210335,105.98401064570727
21,3,0.0,-0.7071067811865477,0.7071067811865474,0.43388373911755823,-0.900968867902419,98,0.8367674018935201,0.02979241895532901,0.012671542173228354,119.0,105.98401064570727,91.5485770349908
22,3,0.0,-0.5000000000000004,0.8660254037844384,0.43388373911755823,-0.900968867902419,89,0.8839947896574806,0.01,0.02981506851922462,98.0,91.5485770349908,87.60540015125706
23,3,0.0,-0.25881904510252157,0.9659258262890681,0.43388373911755823,-0.900968867902419,83,0.8293443721775895,0.030712258006708754,0.004224883052821787,89.0,87.60540015125706,76.96699939823364
0,4,1.0,0.0,1.0,-0.433883739117558,-0.9009688679024191,56,0.8955681133027087,0.04234345059814128,0.028315550949941586,83.0,76.96699939823364,66.16455146827057
1,4,1.0,0.25881904510252074,0.9659258262890683,-0.433883739117558,-0.9009688679024191,58,0.8270143920116068,0.03798707894561252,0.003578721911080548,56.0,66.16455146827057,67.14514691114937
2,4,1.0,0.49999999999999994,0.8660254037844387,-0.433883739117558,-0.9009688679024191,52,0.832255375773512,0.03988293301536825,0.0196426331148604,58.0,67.14514691114937,67.5536372649606
3,4,1.0,0.7071067811865476,0.7071067811865476,-0.433883739117558,-0.9009688679024191,45,0.8119431001720031,0.038559356069442635,0.020431012579683838,52.0,67.5536372649606,69.55021402011508
4,4,1.0,0.8660254037844386,0.5000000000000001,-0.433883739117558,-0.9009688679024191,62,0.8047165927084409,0.04254693685873567,0.014350978635570109,45.0,69.55021402011508,75.09113728763124
5,4,1.0,0.9659258262890683,0.25881904510252074,-0.433883739117558,-0.9009688679024191,83,0.8184946892837172,0.02034205370303107,0.0027337082647609628,62.0,75.09113728763124,89.4565972312138
6,4,1.0,1.0,6.123233995736766e-17,-0.433883739117558,-0.9009688679024191,122,0.8873938254595309,0.015687372587829446,0.03916456368290038,83.0,89.4565972312138,102.57630084265071
7,4,1.0,0.9659258262890683,-0.25881904510252063,-0.433883739117558,-0.9009688679024191,141,0.8160274273957315,0.041511361143520706,0.023723652975751512,122.0,102.57630084265071,118.6660334928471
8,4,1.0,0.8660254037844387,-0.4999999999999998,-0.433883739117558,-0.9009688679024191,169,0.8333840528438563,0.03537721121119477,0.026330543762789326,141.0,118.6660334928471,136.66003552145986
9,4,1.0,0.7071067811865476,-0.7071067811865475,-0.433883739117558,-0.9009688679024191,168,0.7885544373368286,0.04639264094022715,0.028508654381279423,169.0,136.66003552145986,128.74211425889303
10,4,1.0,0.49999999999999994,-0.8660254037844387,-0.433883739117558,-0.9009688679024191,163,0.84005245116085,0.03329573653023971,0.01851695274597687,168.0,128.74211425889303,132.56319930556901
11,4,1.0,0.258819045102521,-0.9659258262890682,-0.433883739117558,-0.9009688679024191,162,0.8419975826714341,0.021614163957621595,0.036491556373256434,163.0,132.56319930556901,127.95900002028175
12,4,1.0,1.2246467991473532e-16,-1.0,-0.433883739117558,-0.9009688679024191,158,0.8597307295183654,0.05508141111129243,0.0359437006501813,162.0,127.95900002028175,130.4344607026836
13,4,1.0,-0.2588190451025208,-0.9659258262890683,-0.433883739117558,-0.9009688679024191,124,0.8157554426691297,0.03687424383544167,0.02757659020469123,158.0,130.4344607026836,103.76316879886868
14,4,1.0,-0.4999999999999997,-0.8660254037844388,-0.433883739117558,-0.9009688679024191,135,0.8104635120294004,0.031084821970080515,0.009433389031517777,124.0,103.76316879886868,116.18779614782311
15,4,1.0,-0.7071067811865471,-0.7071067811865479,-0.433883739117558,-0.9009688679024191,135,0.80384880241068,0.047736417966078394,0.01400601111168057,135.0,116.18779614782311,110.03399066744946
16,4,1.0,-0.8660254037844385,-0.5000000000000004,-0.433883739117558,-0.9009688679024191,184,0.8325450837108461,0.031229755531521197,0.035403098794089906,135.0,110.03399066744946,147.5460632315475
17,4,1.0,-0.9659258262890683,-0.25881904510252063,-0.433883739117558,-0.9009688679024191,153,0.9076775361480639,0.0371994010027535,0.03679273326285676,184.0,147.5460632315475,126.83384291212816
18,4,1.0,-1.0,-1.8369701987210297e-16,-0.433883739117558,-0.9009688679024191,157,0.8834990190690653,0.032103662755455654,0.04382448557996929,153.0,126.83384291212816,128.65630089377467
19,4,1.0,-0.9659258262890684,0.2588190451025203,-0.433883739117558,-0.9009688679024191,173,0.8473472321716656,0.04895221116293397,0.03351809962217196,157.0,128.65630089377467,136.44008723094038
20,4,1.0,-0.8660254037844386,0.5000000000000001,-0.433883739117558,-0.9009688679024191,137,0.8254494409334548,0.0365623323756662,0.029906720975506777,173.0,136.44008723094038,113.73360958378647
21,4,1.0,-0.7071067811865477,0.7071067811865474,-0.433883739117558,-0.9009688679024191,141,0.8437809355301789,0.04362585745283823,0.029697904479310394,137.0,113.73360958378647,113.71150850548827
22,4,1.0,-0.5000000000000004,0.8660254037844384,-0.433883739117558,-0.9009688679024191,128,0.8477754023768531,0.036125009552080194,0.006190390664840086,141.0,113.71150850548827,114.59264374404376
23,4,1.0,-0.25881904510252157,0.9659258262890681,-0.433883739117558,-0.9009688679024191,94,0.8463973651158612,0.02224584757513024,0.008589434595917376,128.0,114.59264374404376,92.2862402195694
0,5,1.0,0.0,1.0,-0.9749279121818236,-0.2225209339563146,78,0.8606950209211787,0.034443183761304605,0.01809756139495745,94.0,92.2862402195694,82.32602731624795
1,5,1.0,0.25881904510252074,0.9659258262890683,-0.9749279121818236,-0.2225209339563146,60,0.8453836233082296,0.028577247112949573,0.011655037725676845,78.0,82.32602731624795,70.65714367075638
2,5,1.0,0.49999999999999994,0.8660254037844387,-0.9749279121818236,-0.2225209339563146,40,0.8306375413500957,0.04469089458906854,0.0050539269778049605,60.0,70.65714367075638,63.278912153557336
3,5,1.0,0.7071067811865476,0.7071067811865476,-0.9749279121818236,-0.2225209339563146,47,0.887534336530612,0.03447221443178241,0.02501844539468635,40.0,63.278912153557336,64.17509145514151
4,5,1.0,0.8660254037844386,0.5000000000000001,-0.9749279121818236,-0.2225209339563146,48,0.8706889238687031,0.03338283989275424,0.025454803750653513,47.0,64.17509145514151,67.51524451452879
5,5,1.0,0.9659258262890683,0.25881904510252074,-0.9749279121818236,-0.2225209339563146,83,0.9085919437085774,0.030798281062270078,0.013844974785992281,48.0,67.51524451452879,90.89795008860857
6,5,1.0,1.0,6.123233995736766e-17,-0.9749279121818236,-0.2225209339563146,133,0.817689199185402,0.03289146516237476,0.020482153911394928,83.0,90.89795008860857,120.56025544417567
7,5,1.0,0.9659258262890683,-0.25881904510252063,-0.9749279121818236,-0.2225209339563146,122,0.804625776997438,0.028828691015625383,0.021853151126132186,133.0,120.56025544417567,104.02341046669906
8,5,1.0,0.8660254037844387,-0.4999999999999998,-0.9749279121818236,-0.2225209339563146,159,0.8001743787778363,0.04832322398476584,0.02376011155774491,122.0,104.02341046669906,136.2270139206805
9,5,1.0,0.7071067811865476,-0.7071067811865475,-0.9749279121818236,-0.2225209339563146,164,0.7958183393531311,0.042570764128507174,0.02806452208213056,159.0,136.2270139206805,135.80628201521063
10,5,1.0,0.49999999999999994,-0.8660254037844387,-0.9749279121818236,-0.2225209339563146,171,0.9022840041973268,0.03274260015748684,0.021790030449981825,164.0,135.80628201521063,138.60212346891976
11,5,1.0,0.258819045102521,-0.9659258262890682,-0.9749279121818236,-0.2225209339563146,152,0.8118783861808044,0.049996831977742184,0.03940504247989855,171.0,138.60212346891976,123.51277274343474
12,5,1.0,1.2246467991473532e-16,-1.0,-0.9749279121818236,-0.2225209339563146,145,0.8460174666915922,0.03221110289052362,0.03082931817755511,152.0,123.51277274343474,118.14447285269895
13,5,1.0,-0.2588190451025208,-0.9659258262890683,-0.9749279121818236,-0.2225209339563146,148,0.8779251560399018,0.05585211006428856,0.01867211309515614,145.0,118.14447285269895,117.23327703040185
14,5,1.0,-0.4999999999999997,-0.8660254037844388,-0.9749279121818236,-0.2225209339563146,139,0.8426587036996107,0.04399877606006164,0.044002045387663495,148.0,117.23327703040185,118.9896828832618
15,5,1.0,-0.7071067811865471,-0.7071067811865479,-0.9749279121818236,-0.2225209339563146,144,0.7906204231595642,0.03037069960058081,0.024068730271262027,139.0,118.9896828832618,117.67450339824711
16,5,1.0,-0.8660254037844385,-0.5000000000000004,-0.9749279121818236,-0.2225209339563146,174,0.8349636385491669,0.039115771039272475,0.039283932734480845,144.0,117.67450339824711,137.24257318910267
17,5,1.0,-0.9659258262890683,-0.25881904510252063,-0.9749279121818236,-0.2225209339563146,190,0.8115668167244533,0.05057494210402405,0.03581891489626311,174.0,137.24257318910267,147.2299359925009
18,5,1.0,-1.0,-1.8369701987210297e-16,-0.9749279121818236,-0.2225209339563146,187,0.8158462372763882,0.04587988164025643,0.039787035805829075,190.0,147.2299359925009,149.79653957141224
19,5,1.0,-0.9659258262890684,0.2588190451025203,-0.9749279121818236,-0.2225209339563146,174,0.8602502406876745,0.050972955904456725,0.04122158991037527,187.0,149.79653957141224,141.34211450967655
20,5,1.0,-0.8660254037844386,0.5000000000000001,-0.9749279121818236,-0.2225209339563146,164,0.8339014105929997,0.05081175633175024,0.01823064329012764,174.0,141.34211450967655,132.4385317252768
21,5,1.0,-0.7071067811865477,0.7071067811865474,-0.9749279121818236,-0.2225209339563146,143,0.8329873446880445,0.050411185292739656,0.026210990680199036,164.0,132.4385317252768,118.68876549551203
22,5,1.0,-0.5000000000000004,0.8660254037844384,-0.9749279121818236,-0.2225209339563146,116,0.8578876069808167,0.04264150847807742,0.0432325472330546,143.0,118.68876549551203,98.7258243920322
23,5,1.0,-0.25881904510252157,0.9659258262890681,-0.9749279121818236,-0.2225209339563146,85,0.8468565105113226,0.050307866130968076,0.01754704467613048,116.0,98.7258243920322,87.25481834803831
0,6,1.0,0.0,1.0,-0.7818314824680299,0.6234898018587334,69,0.8469732736946908,0.02921566385449472,0.018840899928983076,85.0,87.25481834803831,79.98649333792372
1,6,1.0,0.25881904510252074,0.9659258262890683,-0.7818314824680299,0.6234898018587334,62,0.8462390902244062,0.02630545851727493,0.028150466289248423,69.0,79.98649333792372,69.68054400101853
2,6,1.0,0.49999999999999994,0.8660254037844387,-0.7818314824680299,0.6234898018587334,25,0.8581913562519355,0.04698857362567674,0.011842497389270124,62.0,69.68054400101853,52.89341634024341
3,6,1.0,0.7071067811865476,0.7071067811865476,-0.7818314824680299,0.6234898018587334,42,0.8013095829875126,0.010251940433799178,0.018600144500533326,25.0,52.89341634024341,70.91864989855128
4,6,1.0,0.8660254037844386,0.5000000000000001,-0.7818314824680299,0.6234898018587334,60,0.8637506934189806,0.03563800713771199,0.010359213692632718,42.0,70.91864989855128,68.63639131510303
5,6,1.0,0.9659258262890683,0.25881904510252074,-0.7818314824680299,0.6234898018587334,74,0.8602560353387598,0.03295490802887284,0.03586636996047666,60.0,68.63639131510303,83.77209665257534
6,6,1.0,1.0,6.123233995736766e-17,-0.7818314824680299,0.6234898018587334,102,0.8164927579035626,0.03498413983644502,0.022633394493226922,74.0,83.77209665257534,89.92844427272146
7,6,1.0,0.9659258262890683,-0.25881904510252063,-0.7818314824680299,0.6234898018587334,136,0.7954538172742867,0.05169097937406593,0.02277848821607431,102.0,89.92844427272146,117.4493339953968
8,6,1.0,0.8660254037844387,-0.4999999999999998,-0.7818314824680299,0.6234898018587334,169,0.8425775965746135,0.04471100613565537,0.031377085600173146,136.0,117.4493339953968,137.57402631232253
9,6,1.0,0.7071067811865476,-0.7071067811865475,-0.7818314824680299,0.6234898018587334,172,0.8343956350910441,0.046263370909218456,0.026302643057127734,169.0,137.57402631232253,143.38404040190773
10,6,1.0,0.49999999999999994,-0.8660254037844387,-0.7818314824680299,0.6234898018587334,182,0.8812782129873244,0.03930508716022323,0.013892248978819521,172.0,143.38404040190773,141.61109055528044
11,6,1.0,0.258819045102521,-0.9659258262890682,-0.7818314824680299,0.6234898018587334,161,0.8550943064696618,0.03206042687364276,0.0216381656678522,182.0,141.61109055528044,128.5318830680141
12,6,1.0,1.2246467991473532e-16,-1.0,-0.7818314824680299,0.6234898018587334,130,0.7610336202011313,0.0210943050984761,0.030604146561442974,161.0,128.5318830680141,110.63967356017267
13,6,1.0,-0.2588190451025208,-0.9659258262890683,-0.7818314824680299,0.6234898018587334,155,0.8016157157061236,0.03778955310524686,0.025463974609094317,130.0,110.63967356017267,129.27167376953386
14,6,1.0,-0.4999999999999997,-0.8660254037844388,-0.7818314824680299,0.6234898018587334,129,0.86019586871727,0.03467035826170336,0.02316885838994531,155.0,129.27167376953386,117.86617369014118
15,6,1.0,-0.7071067811865471,-0.7071067811865479,-0.7818314824680299,0.6234898018587334,148,0.8240846785243822,0.031073490853355347,0.014783799901050847,129.0,117.86617369014118,115.12931401669363
16,6,1.0,-0.8660254037844385,-0.5000000000000004,-0.7818314824680299,0.6234898018587334,149,0.8506002858380103,0.0322348767688387,0.030625827813561584,148.0,115.12931401669363,131.09569036239964
17,6,1.0,-0.9659258262890683,-0.25881904510252063,-0.7818314824680299,0.6234898018587334,177,0.8296639110976053,0.03297063222294426,0.034682233136135894,149.0,131.09569036239964,144.88395900287776
18,6,1.0,-1.0,-1.8369701987210297e-16,-0.7818314824680299,0.6234898018587334,170,0.8478051540504591,0.04956219381986002,0.021647647884394317,177.0,144.88395900287776,140.40478574666548
19,6,1.0,-0.9659258262890684,0.2588190451025203,-0.7818314824680299,0.6234898018587334,180,0.889757826178758,0.03270812181910432,0.045359638031652494,170.0,140.40478574666548,143.852995197738
20,6,1.0,-0.8660254037844386,0.5000000000000001,-0.7818314824680299,0.6234898018587334,158,0.8157334249783703,0.035223193584723464,0.03004165946401916,180.0,143.852995197738,126.80466975097029
21,6,1.0,-0.7071067811865477,0.7071067811865474,-0.7818314824680299,0.6234898018587334,145,0.8311443622321706,0.05915603691945197,0.041775431701007115,158.0,126.80466975097029,119.17909512936154
22,6,1.0,-0.5000000000000004,0.8660254037844384,-0.7818314824680299,0.6234898018587334,120,0.8386009398015478,0.04253517972730417,0.011772074348015943,145.0,119.17909512936154,106.66948044094516
23,6,1.0,-0.25881904510252157,0.9659258262890681,-0.7818314824680299,0.6234898018587334,86,0.8512266936781583,0.04105862606369408,0.013768135377006259,120.0,106.66948044094516,80.2641960020362
0,0,0.0,0.0,1.0,0.0,1.0,69,0.7974437535937053,0.03592451818559972,0.027370983026121544,86.0,80.2641960020362,72.6518446470482
1,0,0.0,0.25881904510252074,0.9659258262890683,0.0,1.0,57,0.8752354250029388,0.032654915304992926,0.013973727000591803,69.0,72.6518446470482,69.29787358964012
2,0,0.0,0.49999999999999994,0.8660254037844387,0.0,1.0,43,0.7973332352904725,0.04705873683059229,0.028100913541474516,57.0,69.29787358964012,66.50785233084522
3,0,0.0,0.7071067811865476,0.7071067811865476,0.0,1.0,30,0.8610709055884821,0.03420673765823907,0.0074969484615458,43.0,66.50785233084522,59.07514153508807
4,0,0.0,0.8660254037844386,0.5000000000000001,0.0,1.0,42,0.879931870577781,0.03767600154594432,0.010493856679138942,30.0,59.07514153508807,63.291805336823145
5,0,0.0,0.9659258262890683,0.25881904510252074,0.0,1.0,77,0.8748379710111631,0.01670952887888567,0.014075590585968679,42.0,63.291805336823145,70.53795841413188
6,0,0.0,1.0,6.123233995736766e-17,0.0,1.0,74,0.8755748036213555,0.029269654653547753,0.020865038817307155,77.0,70.53795841413188,75.10354143657113
7,0,0.0,0.9659258262890683,-0.25881904510252063,0.0,1.0,105,0.8391796567318076,0.022770077758114304,0.030462668194471396,74.0,75.10354143657113,99.66851752553441
8,0,0.0,0.8660254037844387,-0.4999999999999998,0.0,1.0,112,0.8231565451710225,0.05098093123967644,0.02970221742113493,105.0,99.66851752553441,95.59884124012298
9,0,0.0,0.7071067811865476,-0.7071067811865475,0.0,1.0,121,0.8252259484634785,0.057220813168941745,0.025919354522315537,112.0,95.59884124012298,105.7103456959063
10,0,0.0,0.49999999999999994,-0.8660254037844387,0.0,1.0,131,0.8407886747707953,0.03439624520845964,0.021136501509150217,121.0,105.7103456959063,117.16703947042635
11,0,0.0,0.258819045102521,-0.9659258262890682,0.0,1.0,121,0.8567038863091094,0.036972792191406326,0.029426400772155796,131.0,117.16703947042635,106.95848756714065
12,0,0.0,1.2246467991473532e-16,-1.0,0.0,1.0,115,0.7756789794640367,0.045296610080358145,0.024964884758979927,121.0,106.95848756714065,103.89361784639063
13,0,0.0,-0.2588190451025208,-0.9659258262890683,0.0,1.0,123,0.8972762411434217,0.03516410371844826,0.033381828167375165,115.0,103.89361784639063,96.70436513232501
14,0,0.0,-0.4999999999999997,-0.8660254037844388,0.0,1.0,96,0.8063975331047903,0.028882310393041948,0.03874031353866786,123.0,96.70436513232501,95.04506497904954
15,0,0.0,-0.7071067811865471,-0.7071067811865479,0.0,1.0,108,0.8626020319206626,0.040716818879726044,0.022304189051435764,96.0,95.04506497904954,100.36732528384337
16,0,0.0,-0.8660254037844385,-0.5000000000000004,0.0,1.0,120,0.8332714360889925,0.03841099046714968,0.03250654396007612,108.0,100.36732528384337,116.13112886922546
17,0,0.0,-0.9659258262890683,-0.25881904510252063,0.0,1.0,135,0.8522869066608756,0.02576995087269516,0.03983431532301096,120.0,116.13112886922546,120.18885031215632
18,0,0.0,-1.0,-1.8369701987210297e-16,0.0,1.0,112,0.8133717244994192,0.0353319498674034,0.024487624103034802,135.0,120.18885031215632,103.03571069571811
19,0,0.0,-0.9659258262890684,0.2588190451025203,0.0,1.0,129,0.8822863380717594,0.04141534301513979,0.020458433647093512,112.0,103.03571069571811,113.54026350001372
20,0,0.0,-0.8660254037844386,0.5000000000000001,0.0,1.0,130,0.7969217655458902,0.04290733403183191,0.030011727423108984,129.0,113.54026350001372,117.20678079286753
21,0,0.0,-0.7071067811865477,0.7071067811865474,0.0,1.0,102,0.8327483323890241,0.036695764534715423,0.018469281757161306,130.0,117.20678079286753,101.5333722096669
22,0,0.0,-0.5000000000000004,0.8660254037844384,0.0,1.0,88,0.7957984735221711,0.05063838396558305,0.010330386516816722,102.0,101.5333722096669,83.67698740658
23,0,0.0,-0.25881904510252157,0.9659258262890681,0.0,1.0,56,0.8238311475693149,0.01975576873259168,0.03202015160136369,88.0,83.67698740658,61.993294395719026
0,1,0.0,0.0,1.0,0.7818314824680298,0.6234898018587336,62,0.9098230741603293,0.043124321536582605,0.012951686164913774,56.0,61.993294395719026,71.03400381795187
1,1,0.0,0.25881904510252074,0.9659258262890683,0.7818314824680298,0.6234898018587336,10,0.8070628259970921,0.014079345863764414,0.021225704320096402,62.0,71.03400381795187,57.69511415191985
2,1,0.0,0.49999999999999994,0.8660254037844387,0.7818314824680298,0.6234898018587336,62,0.8591672736015707,0.03925421008331952,0.024734155587803078,10.0,57.69511415191985,79.32369647270484
3,1,0.0,0.7071067811865476,0.7071067811865476,0.7818314824680298,0.6234898018587336,46,0.8473760331185562,0.03182740205433811,0.007060354111333236,62.0,79.32369647270484,66.5473884479022
4,1,0.0,0.8660254037844386,0.5000000000000001,0.7818314824680298,0.6234898018587336,46,0.8412998111961575,0.02256742226182416,0.0035641068278422887,46.0,66.5473884479022,58.65079549524315
5,1,0.0,0.9659258262890683,0.25881904510252074,0.7818314824680298,0.6234898018587336,70,0.8687994981800693,0.01802832729710156,0.007103718634296626,46.0,58.65079549524315,83.66608558993538
6,1,0.0,1.0,6.123233995736766e-17,0.7818314824680298,0.6234898018587336,99,0.8308860055000892,0.04078052099024552,0.010216555451363648,70.0,83.66608558993538,90.37840183760254
7,1,0.0,0.9659258262890683,-0.25881904510252063,0.7818314824680298,0.6234898018587336,106,0.8187089706814635,0.03885115267475871,0.0046700626646833075,99.0,90.37840183760254,93.00251537770943
8,1,0.0,0.8660254037844387,-0.4999999999999998,0.7818314824680298,0.6234898018587336,124,0.8510746986325145,0.038852474673979946,0.03604140429973844,106.0,93.00251537770943,108.80292547010475
9,1,0.0,0.7071067811865476,-0.7071067811865475,0.7818314824680298,0.6234898018587336,126,0.8379189250909684,0.04215298029036388,0.02308860070325704,124.0,108.80292547010475,108.35017970179523
10,1,0.0,0.49999999999999994,-0.8660254037844387,0.7818314824680298,0.6234898018587336,126,0.8143629724734714,0.022693947282003066,0.04009576743186939,126.0,108.35017970179523,107.25983511506921
11,1,0.0,0.258819045102521,-0.9659258262890682,0.7818314824680298,0.6234898018587336,106,0.815197782032924,0.04460257710277775,0.017650503217079724,126.0,107.25983511506921,95.56699656619861
12,1,0.0,1.2246467991473532e-16,-1.0,0.7818314824680298,0.6234898018587336,131,0.841994824866714,0.028633196134069096,0.04455149127773388,106.0,95.56699656619861,110.3519431573235
13,1,0.0,-0.2588190451025208,-0.9659258262890683,0.7818314824680298,0.6234898018587336,96,0.8570133064279629,0.03925799097451498,0.017747123411222917,131.0,110.3519431573235,93.83325219970736
14,1,0.0,-0.4999999999999997,-0.8660254037844388,0.7818314824680298,0.6234898018587336,107,0.8322149399511453,0.04534545783461576,0.04280523001591351,96.0,93.83325219970736,99.09294527343708
15,1,0.0,-0.7071067811865471,-0.7071067811865479,0.7818314824680298,0.6234898018587336,104,0.8343515385494623,0.06134376004320985,0.012363254320302693,107.0,99.09294527343708,91.70370466953823
16,1,0.0,-0.8660254037844385,-0.5000000000000004,0.7818314824680298,0.6234898018587336,135,0.8165173527487601,0.042889830791852754,0.039783966231285384,104.0,91.70370466953823,122.15153234622056
17,1,0.0,-0.9659258262890683,-0.25881904510252063,0.7818314824680298,0.6234898018587336,117,0.8179245725815407,0.02609243269307133,0.01520722454933993,135.0,122.15153234622056,103.93785786621636
18,1,0.0,-1.0,-1.8369701987210297e-16,0.7818314824680298,0.6234898018587336,111,0.8130258030682408,0.03825785911790748,0.005541043537963728,117.0,103.93785786621636,101.37842170294815
19,1,0.0,-0.9659258262890684,0.2588190451025203,0.7818314824680298,0.6234898018587336,129,0.7740629307228563,0.04062056569847572,0.035176689924732926,111.0,101.37842170294815,115.18669632950828
20,1,0.0,-0.8660254037844386,0.5000000000000001,0.7818314824680298,0.6234898018587336,104,0.8495705702809814,0.028496548109082576,0.019842309223422942,129.0,115.18669632950828,103.87320613520535
21,1,0.0,-0.7071067811865477,0.7071067811865474,0.7818314824680298,0.6234898018587336,112,0.852162679773391,0.026766597402539664,0.02289360824036078,104.0,103.87320613520535,102.12919040041163
22,1,0.0,-0.5000000000000004,0.8660254037844384,0.7818314824680298,0.6234898018587336,70,0.8141327707560563,0.026378033907435663,0.029360931752104375,112.0,102.12919040041163,77.65317219916219
23,1,0.0,-0.25881904510252157,0.9659258262890681,0.7818314824680298,0.6234898018587336,81,0.8071056170598225,0.031155915503051978,0.030230976999791832,70.0,77.65317219916219,86.58348889349688
0,2,0.0,0.0,1.0,0.9749279121818236,-0.22252093395631434,51,0.8554245351818311,0.03464049116490032,0.012008835357974987,81.0,86.58348889349688,77.27296928455512
1,2,0.0,0.25881904510252074,0.9659258262890683,0.9749279121818236,-0.22252093395631434,39,0.8663682603006577,0.041647023167945836,0.006040105394920505,51.0,77.27296928455512,61.2814685489982
2,2,0.0,0.49999999999999994,0.8660254037844387,0.9749279121818236,-0.22252093395631434,17,0.8631147398073763,0.01987300060492793,0.0,39.0,61.2814685489982,44.15582078899803
3,2,0.0,0.7071067811865476,0.7071067811865476,0.9749279121818236,-0.22252093395631434,42,0.8445678726538032,0.040624907744516416,0.01501829358547565,17.0,44.15582078899803,73.36601969052009
4,2,0.0,0.8660254037844386,0.5000000000000001,0.9749279121818236,-0.22252093395631434,49,0.8351667636743404,0.03528725647405236,0.018116978061960137,42.0,73.36601969052009,70.63798297283329
5,2,0.0,0.9659258262890683,0.25881904510252074,0.9749279121818236,-0.22252093395631434,60,0.8372512072991378,0.025642548405071554,0.021365098435704034,49.0,70.63798297283329,76.68949198177197
6,2,0.0,1.0,6.123233995736766e-17,0.9749279121818236,-0.22252093395631434,77,0.8401014301006738,0.04496562232498245,0.022446982328799527,60.0,76.68949198177197,82.0448535261287
7,2,0.0,0.9659258262890683,-0.25881904510252063,0.9749279121818236,-0.22252093395631434,105,0.8785812264705193,0.04117810306351862,0.020603526198433805,77.0,82.0448535261287,101.03141941344307
8,2,0.0,0.8660254037844387,-0.4999999999999998,0.9749279121818236,-0.22252093395631434,103,0.82796825886936,0.029398211311740502,0.018430286970145537,105.0,101.03141941344307,92.34585656103468
9,2,0.0,0.7071067811865476,-0.7071067811865475,0.9749279121818236,-0.22252093395631434,126,0.8321350366582272,0.04158501643826202,0.023244744148101203,103.0,92.34585656103468,112.18657288372316
10,2,0.0,0.49999999999999994,-0.8660254037844387,0.9749279121818236,-0.22252093395631434,102,0.8329273733283514,0.023343052571588925,0.02619928729996205,126.0,112.18657288372316,92.2732033811454
11,2,0.0,0.258819045102521,-0.9659258262890682,0.9749279121818236,-0.22252093395631434,140,0.8260967138720938,0.05237392803516619,0.025486674572021115,102.0,92.2732033811454,123.3242778208858
12,2,0.0,1.2246467991473532e-16,-1.0,0.9749279121818236,-0.22252093395631434,111,0.8270509094053562,0.03203823181458771,0.02280416222375488,140.0,123.3242778208858,98.78847717574749
13,2,0.0,-0.2588190451025208,-0.9659258262890683,0.9749279121818236,-0.22252093395631434,113,0.8489831450923904,0.04793312941453008,0.030795541354413238,111.0,98.78847717574749,102.42121536506278
14,2,0.0,-0.4999999999999997,-0.8660254037844388,0.9749279121818236,-0.22252093395631434,91,0.8666545973371782,0.02118454634917912,0.016852345981073165,113.0,102.42121536506278,79.53890823880849
15,2,0.0,-0.7071067811865471,-0.7071067811865479,0.9749279121818236,-0.22252093395631434,97,0.8541188818461436,0.042764884936359805,0.013934895992732805,91.0,79.53890823880849,85.95662781026962
16,2,0.0,-0.8660254037844385,-0.5000000000000004,0.9749279121818236,-0.22252093395631434,84,0.8512541201620765,0.01969088431225871,0.020233599197791555,97.0,85.95662781026962,83.63391192495665
17,2,0.0,-0.9659258262890683,-0.25881904510252063,0.9749279121818236,-0.22252093395631434,121,0.8384624110524246,0.026722643924517776,0.03406571501664492,84.0,83.63391192495665,109.42454251158436
18,2,0.0,-1.0,-1.8369701987210297e-16,0.9749279121818236,-0.22252093395631434,123,0.8066269612278041,0.0321271774880849,0.01345197285973099,121.0,109.42454251158436,108.18016848706004
19,2,0.0,-0.9659258262890684,0.2588190451025203,0.9749279121818236,-0.22252093395631434,123,0.7934679657120592,0.02042438602123259,0.03701170327493609,123.0,108.18016848706004,115.13622056566913
20,2,0.0,-0.8660254037844386,0.5000000000000001,0.9749279121818236,-0.22252093395631434,116,0.8666971406218823,0.030130511269298024,0.03986009713546936,123.0,115.13622056566913,101.4889580013122
21,2,0.0,-0.7071067811865477,0.7071067811865474,0.9749279121818236,-0.22252093395631434,113,0.900594246397965,0.02996951743663328,0.02872095372009307,116.0,101.4889580013122,100.4573856518663
22,2,0.0,-0.5000000000000004,0.8660254037844384,0.9749279121818236,-0.22252093395631434,91,0.8854703359018056,0.035173374823991,0.011565821296538164,113.0,100.4573856518663,94.9615579360115
23,2,0.0,-0.25881904510252157,0.9659258262890681,0.9749279121818236,-0.22252093395631434,73,0.9012766174257986,0.03525868664416071,0.013646784486878913,91.0,94.9615579360115,77.02365821067463
0,3,0.0,0.0,1.0,0.43388373911755823,-0.900968867902419,52,0.8143515788446805,0.04477747241277759,0.008631057210286043,73.0,77.02365821067463,63.12643369947435
1,3,0.0,0.25881904510252074,0.9659258262890683,0.43388373911755823,-0.900968867902419,25,0.8824461246398898,0.038522866439983997,0.022460476858058166,52.0,63.12643369947435,57.27571473943891
2,3,0.0,0.49999999999999994,0.8660254037844387,0.43388373911755823,-0.900968867902419,24,0.8920400095586646,0.028053201611578645,0.009891669835449526,25.0,57.27571473943891,48.97733624898011
3,3,0.0,0.7071067811865476,0.7071067811865476,0.43388373911755823,-0.900968867902419,53,0.8570516331624483,0.054476690115677504,0.008864817696198572,24.0,48.97733624898011,71.26064682178405
4,3,0.0,0.8660254037844386,0.5000000000000001,0.43388373911755823,-0.900968867902419,61,0.8504327683658977,0.04853801759745865,0.02117835756289624,53.0,71.26064682178405,73.48136147707352
5,3,0.0,0.9659258262890683,0.25881904510252074,0.43388373911755823,-0.900968867902419,74,0.8298014181137134,0.025554569993276603,0.0069519080597896625,61.0,73.48136147707352,84.57229668869397
6,3,0.0,1.0,6.123233995736766e-17,0.43388373911755823,-0.900968867902419,64,0.8089037490283495,0.03120079709747561,0.013631867001110794,74.0,84.57229668869397,83.08188424893912
7,3,0.0,0.9659258262890683,-0.25881904510252063,0.43388373911755823,-0.900968867902419,109,0.8621892046507923,0.029982558947643952,0.019228782862135887,64.0,83.08188424893912,103.34124302601337
8,3,0.0,0.8660254037844387,-0.4999999999999998,0.43388373911755823,-0.900968867902419,122,0.8829703672805997,0.04141641618304918,0.02954877786049817,109.0,103.34124302601337,106.70325374790166
9,3,0.0,0.7071067811865476,-0.7071067811865475,0.43388373911755823,-0.900968867902419,133,0.8388056467611111,0.024125013853774864,0.027296879517526417,122.0,106.70325374790166,118.93586229119413
10,3,0.0,0.49999999999999994,-0.8660254037844387,0.43388373911755823,-0.900968867902419,118,0.8528409205626527,0.04867616404766969,0.022012715767360615,133.0,118.93586229119413,103.22539589615666
11,3,0.0,0.258819045102521,-0.9659258262890682,0.43388373911755823,-0.900968867902419,125,0.8415975953846571,0.06268349780847061,0.02815509645631544,118.0,103.22539589615666,116.28314314356577
12,3,0.0,1.2246467991473532e-16,-1.0,0.43388373911755823,-0.900968867902419,94,0.8496847515464833,0.04791086087416079,0.026131813512699584,125.0,116.28314314356577,94.46885595533507
13,3,0.0,-0.2588190451025208,-0.9659258262890683,0.43388373911755823,-0.900968867902419,109,0.8301043022814192,0.027308128791240335,0.015094765501952774,94.0,94.46885595533507,95.18110123069873
14,3,0.0,-0.4999999999999997,-0.8660254037844388,0.43388373911755823,-0.900968867902419,116,0.8473401458946894,0.024227836046314823,0.026046026682201406,109.0,95.18110123069873,110.8448669733575
15,3,0.0,-0.7071067811865471,-0.7071067811865479,0.43388373911755823,-0.900968867902419,125,0.8303544849998125,0.036813548613958635,0.014651016869177599,116.0,110.8448669733575,107.03515174774729
16,3,0.0,-0.8660254037844385,-0.5000000000000004,0.43388373911755823,-0.900968867902419,123,0.8472109733172107,0.027685078221979,0.017925416996765895,125.0,107.03515174774729,107.80559405066865
17,3,0.0,-0.9659258262890683,-0.25881904510252063,0.43388373911755823,-0.900968867902419,130,0.8855589155370022,0.032936971477187306,0.02524684725751886,123.0,107.80559405066865,110.9575662288019
18,3,0.0,-1.0,-1.8369701987210297e-16,0.43388373911755823,-0.900968867902419,137,0.7800507356405768,0.02205010352096572,0.03632584103427182,130.0,110.9575662288019,110.96869535535382
19,3,0.0,-0.9659258262890684,0.2588190451025203,0.43388373911755823,-0.900968867902419,118,0.8183225720402783,0.0381388463653037,0.03722109952567876,137.0,110.96869535535382,115.57265976582869
20,3,0.0,-0.8660254037844386,0.5000000000000001,0.43388373911755823,-0.900968867902419,142,0.8685009869177942,0.04781395859144796,0.03012526949201183,118.0,115.57265976582869,127.90319830653152
21,3,0.0,-0.7071067811865477,0.7071067811865474,0.43388373911755823,-0.900968867902419,115,0.8110790334973308,0.03609958875922381,0.019798153774750714,142.0,127.90319830653152,101.37433421981213
22,3,0.0,-0.5000000000000004,0.8660254037844384,0.43388373911755823,-0.900968867902419,82,0.8684091562571153,0.03525740219625181,0.03297530081055262,115.0,101.37433421981213,87.48878886792798
23,3,0.0,-0.25881904510252157,0.9659258262890681,0.43388373911755823,-0.900968867902419,54,0.8217453303819158,0.0142146338292694,0.014573193141573008,82.0,87.48878886792798,68.78335297059515
0,4,1.0,0.0,1.0,-0.433883739117558,-0.9009688679024191,64,0.8609243505366433,0.023171465090041282,0.034940925663341886,54.0,68.78335297059515,80.91085470214635
1,4,1.0,0.25881904510252074,0.9659258262890683,-0.433883739117558,-0.9009688679024191,64,0.835205477034505,0.02381894096609853,0.012677932239289471,64.0,80.91085470214635,77.1854465430523
2,4,1.0,0.49999999999999994,0.8660254037844387,-0.433883739117558,-0.9009688679024191,56,0.8892973058481657,0.028098172448803922,0.0044038256671098865,64.0,77.1854465430523,78.14520007387232
3,4,1.0,0.7071067811865476,0.7071067811865476,-0.433883739117558,-0.9009688679024191,51,0.8533200314255434,0.03124397413701331,0.010439634981317579,56.0,78.14520007387232,60.92189366237693
4,4,1.0,0.8660254037844386,0.5000000000000001,-0.433883739117558,-0.9009688679024191,46,0.8282689748101426,0.020754164976230453,0.0,51.0,60.92189366237693,67.47702317830355
5,4,1.0,0.9659258262890683,0.25881904510252074,-0.433883739117558,-0.9009688679024191,89,0.888712776436436,0.03017570410080395,0.012877879396382194,46.0,67.47702317830355,95.71431540761945
6,4,1.0,1.0,6.123233995736766e-17,-0.433883739117558,-0.9009688679024191,121,0.843928756994584,0.044114136117180236,0.03436933223884308,89.0,95.71431540761945,103.11383475642685
7,4,1.0,0.9659258262890683,-0.25881904510252063,-0.433883739117558,-0.9009688679024191,137,0.8065355223973032,0.02903786312626807,0.021435211080984732,121.0,103.11383475642685,115.82746328637809
8,4,1.0,0.8660254037844387,-0.4999999999999998,-0.433883739117558,-0.9009688679024191,160,0.8059046314795896,0.05346021902292855,0.023288763989574315,137.0,115.82746328637809,134.29460079303814
9,4,1.0,0.7071067811865476,-0.7071067811865475,-0.433883739117558,-0.9009688679024191,164,0.7567727921918118,0.04758712063027716,0.03376843897092433,160.0,134.29460079303814,130.1181573299529
10,4,1.0,0.49999999999999994,-0.8660254037844387,-0.433883739117558,-0.9009688679024191,162,0.8452281765311229,0.023014541431134572,0.02090947322653705,164.0,130.1181573299529,132.14045399964135
11,4,1.0,0.258819045102521,-0.9659258262890682,-0.433883739117558,-0.9009688679024191,169,0.8376817379649989,0.02544751528709928,0.031564299824335264,162.0,132.14045399964135,131.18596723413472
12,4,1.0,1.2246467991473532e-16,-1.0,-0.433883739117558,-0.9009688679024191,152,0.8659421806337151,0.03076075089868617,0.01709747562985619,169.0,131.18596723413472,119.27415395645372
13,4,1.0,-0.2588190451025208,-0.9659258262890683,-0.433883739117558,-0.9009688679024191,148,0.8010253454306481,0.03851013183181305,0.029088165003305733,152.0,119.27415395645372,127.89080288810564
14,4,1.0,-0.4999999999999997,-0.8660254037844388,-0.433883739117558,-0.9009688679024191,152,0.8199891648275003,0.029830764460179467,0.02606143883046375,148.0,127.89080288810564,126.44044744118466
15,4,1.0,-0.7071067811865471,-0.7071067811865479,-0.433883739117558,-0.9009688679024191,133,0.8464717941247301,0.046132681744195284,0.0,152.0,126.44044744118466,102.5565649272744
16,4,1.0,-0.8660254037844385,-0.5000000000000004,-0.433883739117558,-0.9009688679024191,140,0.8942248640913509,0.03767460374342075,0.016719970587708657,133.0,102.5565649272744,120.92584745811732
17,4,1.0,-0.9659258262890683,-0.25881904510252063,-0.433883739117558,-0.9009688679024191,158,0.8108710746262638,0.03043474660016413,0.020972564778179673,140.0,120.92584745811732,134.90984744202083
18,4,1.0,-1.0,-1.8369701987210297e-16,-0.433883739117558,-0.9009688679024191,154,0.8794903537540868,0.041444126064493624,0.02287646497873712,158.0,134.90984744202083,127.44820678837914
19,4,1.0,-0.9659258262890684,0.2588190451025203,-0.433883739117558,-0.9009688679024191,161,0.8563682933144148,0.037808294696538645,0.02429520086409374,154.0,127.44820678837914,125.00332646312701
20,4,1.0,-0.8660254037844386,0.5000000000000001,-0.433883739117558,-0.9009688679024191,194,0.8031962684971444,0.036083090704611236,0.040884457091967544,161.0,125.00332646312701,153.0788392901209
21,4,1.0,-0.7071067811865477,0.7071067811865474,-0.433883739117558,-0.9009688679024191,140,0.8600768680372561,0.03078522581127673,0.04273297776217545,194.0,153.0788392901209,112.69611850082707
22,4,1.0,-0.5000000000000004,0.8660254037844384,-0.433883739117558,-0.9009688679024191,128,0.8724304908520534,0.0375052217719407,0.0313277367512222,140.0,112.69611850082707,109.46766754321314
23,4,1.0,-0.25881904510252157,0.9659258262890681,-0.433883739117558,-0.9009688679024191,95,0.8188185050304762,0.04536627484247827,0.01615224667893459,128.0,109.46766754321314,88.63885338735518
0,5,1.0,0.0,1.0,-0.9749279121818236,-0.2225209339563146,61,0.8550829719678038,0.05387858252576478,0.005424670857457271,95.0,88.63885338735518,69.43281866008776
1,5,1.0,0.25881904510252074,0.9659258262890683,-0.9749279121818236,-0.2225209339563146,49,0.8414857582626285,0.03713705129583067,0.004276064718531203,61.0,69.43281866008776,72.61055926254393
2,5,1.0,0.49999999999999994,0.8660254037844387,-0.9749279121818236,-0.2225209339563146,48,0.8735718998703959,0.04443386051564751,0.04069563642018614,49.0,72.61055926254393,65.69846639103356
3,5,1.0,0.7071067811865476,0.7071067811865476,-0.9749279121818236,-0.2225209339563146,56,0.8488315290473201,0.02945500373855978,0.01898483843461691,48.0,65.69846639103356,71.91004011646255
4,5,1.0,0.8660254037844386,0.5000000000000001,-0.9749279121818236,-0.2225209339563146,62,0.8817779260682387,0.023241241013870255,0.027598785611290453,56.0,71.91004011646255,74.46044910374123
5,5,1.0,0.9659258262890683,0.25881904510252074,-0.9749279121818236,-0.2225209339563146,105,0.7732193530297421,0.029521780129055673,0.03346994546561109,62.0,74.46044910374123,97.28808010867762
6,5,1.0,1.0,6.123233995736766e-17,-0.9749279121818236,-0.2225209339563146,115,0.8204817523631535,0.04453953359837886,0.02696733568201379,105.0,97.28808010867762,99.58186815594661
7,5,1.0,0.9659258262890683,-0.25881904510252063,-0.9749279121818236,-0.2225209339563146,136,0.8212472555286853,0.028029231488348308,0.03975375689469442,115.0,99.58186815594661,114.57381476208087
8,5,1.0,0.8660254037844387,-0.4999999999999998,-0.9749279121818236,-0.2225209339563146,152,0.8766394815576735,0.04808977564814627,0.020883796872819514,136.0,114.57381476208087,130.60331530337774
9,5,1.0,0.7071067811865476,-0.7071067811865475,-0.9749279121818236,-0.2225209339563146,169,0.8017639441780962,0.04225692615054936,0.015109602088401975,152.0,130.60331530337774,136.10634250124804
